<?xml version="1.0" encoding="UTF-8" standalone="yes" ?>
<CodeBlocks_plugin_manifest_file>
    <SdkVersion major="1" minor="29"  release="0" />
    <Plugin name="pam">
        <Value title="pam" />
        <Value version="0.1" />
        <Value description="" />
        <Value author="Matthew Martin" />
        <Value authorEmail="matthew.martin@bbc.co.uk" />
        <Value authorWebsite="" />
        <Value thanksTo="" />
        <Value license="GPL" />
    </Plugin>
</CodeBlocks_plugin_manifest_file>
